<concept xmlns="http://namespaces.CentraSite.com/Schema/jaxr">
  <key v2Key="27c58a12-ef84-11dc-bf42-d4ff9529b5ec">uddi:27c58a12-ef84-11dc-bf42-d4ff9529b5ec</key>
  <owner>uddi:b9d23910-b426-11da-94dd-a86f2582ed05</owner>
  <name>
    <localString xml:lang="en">2</localString>
  </name>
  <classifications>
    <classification>
      <key v2Key="2bc910f2-ef84-11dc-bf42-9c709065fccd">uddi:2bc910f2-ef84-11dc-bf42-9c709065fccd</key>
      <owner>uddi:b9d23910-b426-11da-94dd-a86f2582ed05</owner>
      <auditTrail>
        <auditableEvent>
          <key v2Key="2bc910f2-ef84-11dc-bf42-cc27f0236f42">uddi:2bc910f2-ef84-11dc-bf42-cc27f0236f42</key>
          <owner>uddi:b9d23910-b426-11da-94dd-a86f2582ed05</owner>
          <registryObject>uddi:2bc910f2-ef84-11dc-bf42-9c709065fccd</registryObject>
          <eventType>CREATED</eventType>
          <timeStamp>2008-03-11T17:59:39.625+02:00</timeStamp>
          <user>uddi:b9d23910-b426-11da-94dd-a86f2582ed05</user>
        </auditableEvent>
      </auditTrail>
      <classifiedObject>uddi:27c58a12-ef84-11dc-bf42-d4ff9529b5ec</classifiedObject>
      <concept>uddi:6a7adb08-8e3f-94f3-5053-3fc4ace48823</concept>
    </classification>
  </classifications>
  <auditTrail>
    <auditableEvent>
      <key v2Key="2bc910f2-ef84-11dc-bf42-f50c65382d79">uddi:2bc910f2-ef84-11dc-bf42-f50c65382d79</key>
      <owner>uddi:b9d23910-b426-11da-94dd-a86f2582ed05</owner>
      <registryObject>uddi:27c58a12-ef84-11dc-bf42-d4ff9529b5ec</registryObject>
      <eventType>CREATED</eventType>
      <timeStamp>2008-03-11T17:59:39.625+02:00</timeStamp>
      <user>uddi:b9d23910-b426-11da-94dd-a86f2582ed05</user>
    </auditableEvent>
  </auditTrail>
  <value>2</value>
  <parent>uddi:1109af42-ef84-11dc-bf42-aeeb5e5af920</parent>
</concept>