<concept xmlns="http://namespaces.CentraSite.com/Schema/jaxr">
  <key v2Key="45b1e8c2-ef84-11dc-bf42-9768aa71576f">uddi:45b1e8c2-ef84-11dc-bf42-9768aa71576f</key>
  <owner>uddi:b9d23910-b426-11da-94dd-a86f2582ed05</owner>
  <name>
    <localString xml:lang="en">closed</localString>
  </name>
  <classifications>
    <classification>
      <key v2Key="4ba2e7c2-ef84-11dc-bf42-e17f45924122">uddi:4ba2e7c2-ef84-11dc-bf42-e17f45924122</key>
      <owner>uddi:b9d23910-b426-11da-94dd-a86f2582ed05</owner>
      <auditTrail>
        <auditableEvent>
          <key v2Key="4ba2e7c2-ef84-11dc-bf42-a36695236140">uddi:4ba2e7c2-ef84-11dc-bf42-a36695236140</key>
          <owner>uddi:b9d23910-b426-11da-94dd-a86f2582ed05</owner>
          <registryObject>uddi:4ba2e7c2-ef84-11dc-bf42-e17f45924122</registryObject>
          <eventType>CREATED</eventType>
          <timeStamp>2008-03-11T18:00:29.828+02:00</timeStamp>
          <user>uddi:b9d23910-b426-11da-94dd-a86f2582ed05</user>
        </auditableEvent>
      </auditTrail>
      <classifiedObject>uddi:45b1e8c2-ef84-11dc-bf42-9768aa71576f</classifiedObject>
      <concept>uddi:6a7adb08-8e3f-94f3-5053-3fc4ace48823</concept>
    </classification>
  </classifications>
  <auditTrail>
    <auditableEvent>
      <key v2Key="4ba2e7c2-ef84-11dc-bf42-d29842d7598a">uddi:4ba2e7c2-ef84-11dc-bf42-d29842d7598a</key>
      <owner>uddi:b9d23910-b426-11da-94dd-a86f2582ed05</owner>
      <registryObject>uddi:45b1e8c2-ef84-11dc-bf42-9768aa71576f</registryObject>
      <eventType>CREATED</eventType>
      <timeStamp>2008-03-11T18:00:29.828+02:00</timeStamp>
      <user>uddi:b9d23910-b426-11da-94dd-a86f2582ed05</user>
    </auditableEvent>
  </auditTrail>
  <value>closed</value>
  <parent>uddi:ffd3b592-ef83-11dc-bf42-d53c5c6ab221</parent>
</concept>