<classificationScheme xmlns="http://namespaces.CentraSite.com/Schema/jaxr" external="false">
  <key v2Key="800e1b23-ef81-11dc-bf42-b9aa9205db2a">uddi:800e1b23-ef81-11dc-bf42-b9aa9205db2a</key>
  <owner>uddi:b9d23910-b426-11da-94dd-a86f2582ed05</owner>
  <name>
    <localString xml:lang="en">CSAF-Taxonomy</localString>
  </name>
  <description>
    <localString xml:lang="en">Sample taxonomy used with CSAF demos</localString>
  </description>
  <classifications>
    <classification>
      <key v2Key="a470fc83-ef81-11dc-bf42-9dc97b00ab68">uddi:a470fc83-ef81-11dc-bf42-9dc97b00ab68</key>
      <owner>uddi:b9d23910-b426-11da-94dd-a86f2582ed05</owner>
      <auditTrail>
        <auditableEvent>
          <key v2Key="a470fc83-ef81-11dc-bf42-80988896202f">uddi:a470fc83-ef81-11dc-bf42-80988896202f</key>
          <owner>uddi:b9d23910-b426-11da-94dd-a86f2582ed05</owner>
          <registryObject>uddi:a470fc83-ef81-11dc-bf42-9dc97b00ab68</registryObject>
          <eventType>CREATED</eventType>
          <timeStamp>2008-03-11T17:40:39.25+02:00</timeStamp>
          <user>uddi:b9d23910-b426-11da-94dd-a86f2582ed05</user>
        </auditableEvent>
      </auditTrail>
      <classifiedObject>uddi:800e1b23-ef81-11dc-bf42-b9aa9205db2a</classifiedObject>
      <concept>uddi:77fd3433-431e-7d6a-57a8-5eef113699f1</concept>
    </classification>
  </classifications>
  <auditTrail>
    <auditableEvent>
      <key v2Key="a470fc83-ef81-11dc-bf42-d566568e66c4">uddi:a470fc83-ef81-11dc-bf42-d566568e66c4</key>
      <owner>uddi:b9d23910-b426-11da-94dd-a86f2582ed05</owner>
      <registryObject>uddi:800e1b23-ef81-11dc-bf42-b9aa9205db2a</registryObject>
      <eventType>CREATED</eventType>
      <timeStamp>2008-03-11T17:40:39.25+02:00</timeStamp>
      <user>uddi:b9d23910-b426-11da-94dd-a86f2582ed05</user>
    </auditableEvent>
    <auditableEvent>
      <key v2Key="d50c1233-ef81-11dc-bf42-a601594b167a">uddi:d50c1233-ef81-11dc-bf42-a601594b167a</key>
      <owner>uddi:b9d23910-b426-11da-94dd-a86f2582ed05</owner>
      <registryObject>uddi:800e1b23-ef81-11dc-bf42-b9aa9205db2a</registryObject>
      <eventType>UPDATED</eventType>
      <timeStamp>2008-03-11T17:43:01.843+02:00</timeStamp>
      <user>uddi:b9d23910-b426-11da-94dd-a86f2582ed05</user>
      <instanceSlots>
        <Comment xmlns="">Updated from Control</Comment>
      </instanceSlots>
    </auditableEvent>
  </auditTrail>
  <majorVersion>0</majorVersion>
  <minorVersion>0</minorVersion>
  <stability>DYNAMIC</stability>
  <status>SUBMITTED</status>
  <valueType>UNIQUE</valueType>
</classificationScheme>