<concept xmlns="http://namespaces.CentraSite.com/Schema/jaxr">
  <key v2Key="2f50b112-ef84-11dc-bf42-917dfb18024d">uddi:2f50b112-ef84-11dc-bf42-917dfb18024d</key>
  <owner>uddi:b9d23910-b426-11da-94dd-a86f2582ed05</owner>
  <name>
    <localString xml:lang="en">3</localString>
  </name>
  <classifications>
    <classification>
      <key v2Key="33e81382-ef84-11dc-bf42-8e9062bec330">uddi:33e81382-ef84-11dc-bf42-8e9062bec330</key>
      <owner>uddi:b9d23910-b426-11da-94dd-a86f2582ed05</owner>
      <auditTrail>
        <auditableEvent>
          <key v2Key="33e81382-ef84-11dc-bf42-818e7a5e13e5">uddi:33e81382-ef84-11dc-bf42-818e7a5e13e5</key>
          <owner>uddi:b9d23910-b426-11da-94dd-a86f2582ed05</owner>
          <registryObject>uddi:33e81382-ef84-11dc-bf42-8e9062bec330</registryObject>
          <eventType>CREATED</eventType>
          <timeStamp>2008-03-11T17:59:52.281+02:00</timeStamp>
          <user>uddi:b9d23910-b426-11da-94dd-a86f2582ed05</user>
        </auditableEvent>
      </auditTrail>
      <classifiedObject>uddi:2f50b112-ef84-11dc-bf42-917dfb18024d</classifiedObject>
      <concept>uddi:6a7adb08-8e3f-94f3-5053-3fc4ace48823</concept>
    </classification>
  </classifications>
  <auditTrail>
    <auditableEvent>
      <key v2Key="33e81382-ef84-11dc-bf42-b38f5bd3c807">uddi:33e81382-ef84-11dc-bf42-b38f5bd3c807</key>
      <owner>uddi:b9d23910-b426-11da-94dd-a86f2582ed05</owner>
      <registryObject>uddi:2f50b112-ef84-11dc-bf42-917dfb18024d</registryObject>
      <eventType>CREATED</eventType>
      <timeStamp>2008-03-11T17:59:52.281+02:00</timeStamp>
      <user>uddi:b9d23910-b426-11da-94dd-a86f2582ed05</user>
    </auditableEvent>
  </auditTrail>
  <value>3</value>
  <parent>uddi:1109af42-ef84-11dc-bf42-aeeb5e5af920</parent>
</concept>