<concept xmlns="http://namespaces.CentraSite.com/Schema/jaxr">
  <key v2Key="5011daa2-ef84-11dc-bf42-cbc2a7e25dfa">uddi:5011daa2-ef84-11dc-bf42-cbc2a7e25dfa</key>
  <owner>uddi:b9d23910-b426-11da-94dd-a86f2582ed05</owner>
  <name>
    <localString xml:lang="en">resolved</localString>
  </name>
  <classifications>
    <classification>
      <key v2Key="56b81fe2-ef84-11dc-bf42-de4de1f23470">uddi:56b81fe2-ef84-11dc-bf42-de4de1f23470</key>
      <owner>uddi:b9d23910-b426-11da-94dd-a86f2582ed05</owner>
      <auditTrail>
        <auditableEvent>
          <key v2Key="56b81fe2-ef84-11dc-bf42-a6e564c8bf41">uddi:56b81fe2-ef84-11dc-bf42-a6e564c8bf41</key>
          <owner>uddi:b9d23910-b426-11da-94dd-a86f2582ed05</owner>
          <registryObject>uddi:56b81fe2-ef84-11dc-bf42-de4de1f23470</registryObject>
          <eventType>CREATED</eventType>
          <timeStamp>2008-03-11T18:00:47.234+02:00</timeStamp>
          <user>uddi:b9d23910-b426-11da-94dd-a86f2582ed05</user>
        </auditableEvent>
      </auditTrail>
      <classifiedObject>uddi:5011daa2-ef84-11dc-bf42-cbc2a7e25dfa</classifiedObject>
      <concept>uddi:6a7adb08-8e3f-94f3-5053-3fc4ace48823</concept>
    </classification>
  </classifications>
  <auditTrail>
    <auditableEvent>
      <key v2Key="56b81fe2-ef84-11dc-bf42-f77ea6c1a8c1">uddi:56b81fe2-ef84-11dc-bf42-f77ea6c1a8c1</key>
      <owner>uddi:b9d23910-b426-11da-94dd-a86f2582ed05</owner>
      <registryObject>uddi:5011daa2-ef84-11dc-bf42-cbc2a7e25dfa</registryObject>
      <eventType>CREATED</eventType>
      <timeStamp>2008-03-11T18:00:47.234+02:00</timeStamp>
      <user>uddi:b9d23910-b426-11da-94dd-a86f2582ed05</user>
    </auditableEvent>
  </auditTrail>
  <value>resolved</value>
  <parent>uddi:ffd3b592-ef83-11dc-bf42-d53c5c6ab221</parent>
</concept>