<concept xmlns="http://namespaces.CentraSite.com/Schema/jaxr">
  <key v2Key="4f954893-ef83-11dc-bf42-f0fe64d34f1e">uddi:4f954893-ef83-11dc-bf42-f0fe64d34f1e</key>
  <owner>uddi:b9d23910-b426-11da-94dd-a86f2582ed05</owner>
  <name>
    <localString xml:lang="en">ActionTypes</localString>
  </name>
  <classifications>
    <classification>
      <key v2Key="5a0d2f43-ef83-11dc-bf42-d001193c6326">uddi:5a0d2f43-ef83-11dc-bf42-d001193c6326</key>
      <owner>uddi:b9d23910-b426-11da-94dd-a86f2582ed05</owner>
      <auditTrail>
        <auditableEvent>
          <key v2Key="5a0d2f43-ef83-11dc-bf42-b44d8a971caf">uddi:5a0d2f43-ef83-11dc-bf42-b44d8a971caf</key>
          <owner>uddi:b9d23910-b426-11da-94dd-a86f2582ed05</owner>
          <registryObject>uddi:5a0d2f43-ef83-11dc-bf42-d001193c6326</registryObject>
          <eventType>CREATED</eventType>
          <timeStamp>2008-03-11T17:53:36.921+02:00</timeStamp>
          <user>uddi:b9d23910-b426-11da-94dd-a86f2582ed05</user>
        </auditableEvent>
      </auditTrail>
      <classifiedObject>uddi:4f954893-ef83-11dc-bf42-f0fe64d34f1e</classifiedObject>
      <concept>uddi:6a7adb08-8e3f-94f3-5053-3fc4ace48823</concept>
    </classification>
  </classifications>
  <auditTrail>
    <auditableEvent>
      <key v2Key="5a0d2f43-ef83-11dc-bf42-ac4cb345b2cd">uddi:5a0d2f43-ef83-11dc-bf42-ac4cb345b2cd</key>
      <owner>uddi:b9d23910-b426-11da-94dd-a86f2582ed05</owner>
      <registryObject>uddi:4f954893-ef83-11dc-bf42-f0fe64d34f1e</registryObject>
      <eventType>CREATED</eventType>
      <timeStamp>2008-03-11T17:53:36.921+02:00</timeStamp>
      <user>uddi:b9d23910-b426-11da-94dd-a86f2582ed05</user>
    </auditableEvent>
  </auditTrail>
  <value>ActionTypes</value>
  <parent>uddi:d2ec8d93-ef81-11dc-bf42-f6a53389e3d6</parent>
</concept>