<concept xmlns="http://namespaces.CentraSite.com/Schema/jaxr">
  <key v2Key="1f509f52-ef84-11dc-bf42-f90c5565db87">uddi:1f509f52-ef84-11dc-bf42-f90c5565db87</key>
  <owner>uddi:b9d23910-b426-11da-94dd-a86f2582ed05</owner>
  <name>
    <localString xml:lang="en">1</localString>
  </name>
  <classifications>
    <classification>
      <key v2Key="232bb6a2-ef84-11dc-bf42-97445539682f">uddi:232bb6a2-ef84-11dc-bf42-97445539682f</key>
      <owner>uddi:b9d23910-b426-11da-94dd-a86f2582ed05</owner>
      <auditTrail>
        <auditableEvent>
          <key v2Key="232bb6a2-ef84-11dc-bf42-bdcdd68fd4a8">uddi:232bb6a2-ef84-11dc-bf42-bdcdd68fd4a8</key>
          <owner>uddi:b9d23910-b426-11da-94dd-a86f2582ed05</owner>
          <registryObject>uddi:232bb6a2-ef84-11dc-bf42-97445539682f</registryObject>
          <eventType>CREATED</eventType>
          <timeStamp>2008-03-11T17:59:25.437+02:00</timeStamp>
          <user>uddi:b9d23910-b426-11da-94dd-a86f2582ed05</user>
        </auditableEvent>
      </auditTrail>
      <classifiedObject>uddi:1f509f52-ef84-11dc-bf42-f90c5565db87</classifiedObject>
      <concept>uddi:6a7adb08-8e3f-94f3-5053-3fc4ace48823</concept>
    </classification>
  </classifications>
  <auditTrail>
    <auditableEvent>
      <key v2Key="232bb6a2-ef84-11dc-bf42-f25fd3606d89">uddi:232bb6a2-ef84-11dc-bf42-f25fd3606d89</key>
      <owner>uddi:b9d23910-b426-11da-94dd-a86f2582ed05</owner>
      <registryObject>uddi:1f509f52-ef84-11dc-bf42-f90c5565db87</registryObject>
      <eventType>CREATED</eventType>
      <timeStamp>2008-03-11T17:59:25.437+02:00</timeStamp>
      <user>uddi:b9d23910-b426-11da-94dd-a86f2582ed05</user>
    </auditableEvent>
  </auditTrail>
  <value>1</value>
  <parent>uddi:1109af42-ef84-11dc-bf42-aeeb5e5af920</parent>
</concept>