<concept xmlns="http://namespaces.CentraSite.com/Schema/jaxr">
  <key v2Key="389288c2-ef84-11dc-bf42-9911666fc6f3">uddi:389288c2-ef84-11dc-bf42-9911666fc6f3</key>
  <owner>uddi:b9d23910-b426-11da-94dd-a86f2582ed05</owner>
  <name>
    <localString xml:lang="en">open</localString>
  </name>
  <classifications>
    <classification>
      <key v2Key="3e4f3152-ef84-11dc-bf42-c03c9498ffc0">uddi:3e4f3152-ef84-11dc-bf42-c03c9498ffc0</key>
      <owner>uddi:b9d23910-b426-11da-94dd-a86f2582ed05</owner>
      <auditTrail>
        <auditableEvent>
          <key v2Key="3e4f3152-ef84-11dc-bf42-e482df2c0af6">uddi:3e4f3152-ef84-11dc-bf42-e482df2c0af6</key>
          <owner>uddi:b9d23910-b426-11da-94dd-a86f2582ed05</owner>
          <registryObject>uddi:3e4f3152-ef84-11dc-bf42-c03c9498ffc0</registryObject>
          <eventType>CREATED</eventType>
          <timeStamp>2008-03-11T18:00:07.812+02:00</timeStamp>
          <user>uddi:b9d23910-b426-11da-94dd-a86f2582ed05</user>
        </auditableEvent>
      </auditTrail>
      <classifiedObject>uddi:389288c2-ef84-11dc-bf42-9911666fc6f3</classifiedObject>
      <concept>uddi:6a7adb08-8e3f-94f3-5053-3fc4ace48823</concept>
    </classification>
  </classifications>
  <auditTrail>
    <auditableEvent>
      <key v2Key="3e4f3152-ef84-11dc-bf42-e4d53e9d7b46">uddi:3e4f3152-ef84-11dc-bf42-e4d53e9d7b46</key>
      <owner>uddi:b9d23910-b426-11da-94dd-a86f2582ed05</owner>
      <registryObject>uddi:389288c2-ef84-11dc-bf42-9911666fc6f3</registryObject>
      <eventType>CREATED</eventType>
      <timeStamp>2008-03-11T18:00:07.812+02:00</timeStamp>
      <user>uddi:b9d23910-b426-11da-94dd-a86f2582ed05</user>
    </auditableEvent>
  </auditTrail>
  <value>open</value>
  <parent>uddi:ffd3b592-ef83-11dc-bf42-d53c5c6ab221</parent>
</concept>