<concept xmlns="http://namespaces.CentraSite.com/Schema/jaxr">
  <key v2Key="b1582812-ef83-11dc-bf42-9b9ca076c8db">uddi:b1582812-ef83-11dc-bf42-9b9ca076c8db</key>
  <owner>uddi:b9d23910-b426-11da-94dd-a86f2582ed05</owner>
  <name>
    <localString xml:lang="en">Action1</localString>
  </name>
  <classifications>
    <classification>
      <key v2Key="b765d6d2-ef83-11dc-bf42-b70f03b660b5">uddi:b765d6d2-ef83-11dc-bf42-b70f03b660b5</key>
      <owner>uddi:b9d23910-b426-11da-94dd-a86f2582ed05</owner>
      <auditTrail>
        <auditableEvent>
          <key v2Key="b765d6d2-ef83-11dc-bf42-c00b2cc077da">uddi:b765d6d2-ef83-11dc-bf42-c00b2cc077da</key>
          <owner>uddi:b9d23910-b426-11da-94dd-a86f2582ed05</owner>
          <registryObject>uddi:b765d6d2-ef83-11dc-bf42-b70f03b660b5</registryObject>
          <eventType>CREATED</eventType>
          <timeStamp>2008-03-11T17:56:20.937+02:00</timeStamp>
          <user>uddi:b9d23910-b426-11da-94dd-a86f2582ed05</user>
        </auditableEvent>
      </auditTrail>
      <classifiedObject>uddi:b1582812-ef83-11dc-bf42-9b9ca076c8db</classifiedObject>
      <concept>uddi:6a7adb08-8e3f-94f3-5053-3fc4ace48823</concept>
    </classification>
  </classifications>
  <auditTrail>
    <auditableEvent>
      <key v2Key="b765d6d2-ef83-11dc-bf42-a9024d771d5e">uddi:b765d6d2-ef83-11dc-bf42-a9024d771d5e</key>
      <owner>uddi:b9d23910-b426-11da-94dd-a86f2582ed05</owner>
      <registryObject>uddi:b1582812-ef83-11dc-bf42-9b9ca076c8db</registryObject>
      <eventType>CREATED</eventType>
      <timeStamp>2008-03-11T17:56:20.937+02:00</timeStamp>
      <user>uddi:b9d23910-b426-11da-94dd-a86f2582ed05</user>
    </auditableEvent>
  </auditTrail>
  <value>Action1</value>
  <parent>uddi:4f954893-ef83-11dc-bf42-f0fe64d34f1e</parent>
</concept>