<concept xmlns="http://namespaces.CentraSite.com/Schema/jaxr">
  <key v2Key="d2ec8d93-ef81-11dc-bf42-f6a53389e3d6">uddi:d2ec8d93-ef81-11dc-bf42-f6a53389e3d6</key>
  <owner>uddi:b9d23910-b426-11da-94dd-a86f2582ed05</owner>
  <name>
    <localString xml:lang="en">ClassificationInstances</localString>
  </name>
  <classifications>
    <classification>
      <key v2Key="d50c1233-ef81-11dc-bf42-c942d126c068">uddi:d50c1233-ef81-11dc-bf42-c942d126c068</key>
      <owner>uddi:b9d23910-b426-11da-94dd-a86f2582ed05</owner>
      <auditTrail>
        <auditableEvent>
          <key v2Key="d50c1233-ef81-11dc-bf42-f94a1c2decd3">uddi:d50c1233-ef81-11dc-bf42-f94a1c2decd3</key>
          <owner>uddi:b9d23910-b426-11da-94dd-a86f2582ed05</owner>
          <registryObject>uddi:d50c1233-ef81-11dc-bf42-c942d126c068</registryObject>
          <eventType>CREATED</eventType>
          <timeStamp>2008-03-11T17:42:58.281+02:00</timeStamp>
          <user>uddi:b9d23910-b426-11da-94dd-a86f2582ed05</user>
        </auditableEvent>
      </auditTrail>
      <classifiedObject>uddi:d2ec8d93-ef81-11dc-bf42-f6a53389e3d6</classifiedObject>
      <concept>uddi:6a7adb08-8e3f-94f3-5053-3fc4ace48823</concept>
    </classification>
  </classifications>
  <auditTrail>
    <auditableEvent>
      <key v2Key="d50c1233-ef81-11dc-bf42-a44589b63011">uddi:d50c1233-ef81-11dc-bf42-a44589b63011</key>
      <owner>uddi:b9d23910-b426-11da-94dd-a86f2582ed05</owner>
      <registryObject>uddi:d2ec8d93-ef81-11dc-bf42-f6a53389e3d6</registryObject>
      <eventType>CREATED</eventType>
      <timeStamp>2008-03-11T17:42:58.281+02:00</timeStamp>
      <user>uddi:b9d23910-b426-11da-94dd-a86f2582ed05</user>
    </auditableEvent>
    <auditableEvent>
      <key v2Key="eb7ba1c3-ef81-11dc-bf42-e8661764e07c">uddi:eb7ba1c3-ef81-11dc-bf42-e8661764e07c</key>
      <owner>uddi:b9d23910-b426-11da-94dd-a86f2582ed05</owner>
      <registryObject>uddi:d2ec8d93-ef81-11dc-bf42-f6a53389e3d6</registryObject>
      <eventType>UPDATED</eventType>
      <timeStamp>2008-03-11T17:43:39.484+02:00</timeStamp>
      <user>uddi:b9d23910-b426-11da-94dd-a86f2582ed05</user>
      <instanceSlots>
        <Comment xmlns="">Updated from Control</Comment>
      </instanceSlots>
    </auditableEvent>
  </auditTrail>
  <value>ClassificationInstances</value>
  <parent>uddi:800e1b23-ef81-11dc-bf42-b9aa9205db2a</parent>
</concept>