<concept xmlns="http://namespaces.CentraSite.com/Schema/jaxr">
  <key v2Key="baf4a2e2-ef83-11dc-bf42-b148482e5039">uddi:baf4a2e2-ef83-11dc-bf42-b148482e5039</key>
  <owner>uddi:b9d23910-b426-11da-94dd-a86f2582ed05</owner>
  <name>
    <localString xml:lang="en">Action2</localString>
  </name>
  <classifications>
    <classification>
      <key v2Key="c0dc2c02-ef83-11dc-bf42-b8b42631e2b7">uddi:c0dc2c02-ef83-11dc-bf42-b8b42631e2b7</key>
      <owner>uddi:b9d23910-b426-11da-94dd-a86f2582ed05</owner>
      <auditTrail>
        <auditableEvent>
          <key v2Key="c0dc2c02-ef83-11dc-bf42-9b54a0bf9411">uddi:c0dc2c02-ef83-11dc-bf42-9b54a0bf9411</key>
          <owner>uddi:b9d23910-b426-11da-94dd-a86f2582ed05</owner>
          <registryObject>uddi:c0dc2c02-ef83-11dc-bf42-b8b42631e2b7</registryObject>
          <eventType>CREATED</eventType>
          <timeStamp>2008-03-11T17:56:37.062+02:00</timeStamp>
          <user>uddi:b9d23910-b426-11da-94dd-a86f2582ed05</user>
        </auditableEvent>
      </auditTrail>
      <classifiedObject>uddi:baf4a2e2-ef83-11dc-bf42-b148482e5039</classifiedObject>
      <concept>uddi:6a7adb08-8e3f-94f3-5053-3fc4ace48823</concept>
    </classification>
  </classifications>
  <auditTrail>
    <auditableEvent>
      <key v2Key="c0dc2c02-ef83-11dc-bf42-a39c2adabcb7">uddi:c0dc2c02-ef83-11dc-bf42-a39c2adabcb7</key>
      <owner>uddi:b9d23910-b426-11da-94dd-a86f2582ed05</owner>
      <registryObject>uddi:baf4a2e2-ef83-11dc-bf42-b148482e5039</registryObject>
      <eventType>CREATED</eventType>
      <timeStamp>2008-03-11T17:56:37.062+02:00</timeStamp>
      <user>uddi:b9d23910-b426-11da-94dd-a86f2582ed05</user>
    </auditableEvent>
  </auditTrail>
  <value>Action2</value>
  <parent>uddi:4f954893-ef83-11dc-bf42-f0fe64d34f1e</parent>
</concept>