<concept xmlns="http://namespaces.CentraSite.com/Schema/jaxr">
  <key v2Key="1109af42-ef84-11dc-bf42-aeeb5e5af920">uddi:1109af42-ef84-11dc-bf42-aeeb5e5af920</key>
  <owner>uddi:b9d23910-b426-11da-94dd-a86f2582ed05</owner>
  <name>
    <localString xml:lang="en">EntryCodeType</localString>
  </name>
  <classifications>
    <classification>
      <key v2Key="1a7d9372-ef84-11dc-bf42-b6a40ed6e69a">uddi:1a7d9372-ef84-11dc-bf42-b6a40ed6e69a</key>
      <owner>uddi:b9d23910-b426-11da-94dd-a86f2582ed05</owner>
      <auditTrail>
        <auditableEvent>
          <key v2Key="1a7d9372-ef84-11dc-bf42-93a4a6fcfba8">uddi:1a7d9372-ef84-11dc-bf42-93a4a6fcfba8</key>
          <owner>uddi:b9d23910-b426-11da-94dd-a86f2582ed05</owner>
          <registryObject>uddi:1a7d9372-ef84-11dc-bf42-b6a40ed6e69a</registryObject>
          <eventType>CREATED</eventType>
          <timeStamp>2008-03-11T17:59:01.484+02:00</timeStamp>
          <user>uddi:b9d23910-b426-11da-94dd-a86f2582ed05</user>
        </auditableEvent>
      </auditTrail>
      <classifiedObject>uddi:1109af42-ef84-11dc-bf42-aeeb5e5af920</classifiedObject>
      <concept>uddi:6a7adb08-8e3f-94f3-5053-3fc4ace48823</concept>
    </classification>
  </classifications>
  <auditTrail>
    <auditableEvent>
      <key v2Key="1a7d9372-ef84-11dc-bf42-f938f8bb128e">uddi:1a7d9372-ef84-11dc-bf42-f938f8bb128e</key>
      <owner>uddi:b9d23910-b426-11da-94dd-a86f2582ed05</owner>
      <registryObject>uddi:1109af42-ef84-11dc-bf42-aeeb5e5af920</registryObject>
      <eventType>CREATED</eventType>
      <timeStamp>2008-03-11T17:59:01.484+02:00</timeStamp>
      <user>uddi:b9d23910-b426-11da-94dd-a86f2582ed05</user>
    </auditableEvent>
  </auditTrail>
  <value>EntryCodeType</value>
  <parent>uddi:d2ec8d93-ef81-11dc-bf42-f6a53389e3d6</parent>
</concept>