<concept xmlns="http://namespaces.CentraSite.com/Schema/jaxr">
  <key v2Key="cc7e13c2-ef83-11dc-bf42-b091b51445f1">uddi:cc7e13c2-ef83-11dc-bf42-b091b51445f1</key>
  <owner>uddi:b9d23910-b426-11da-94dd-a86f2582ed05</owner>
  <name>
    <localString xml:lang="en">Entry</localString>
  </name>
  <classifications>
    <classification>
      <key v2Key="d2907d72-ef83-11dc-bf42-93cb2f58b4df">uddi:d2907d72-ef83-11dc-bf42-93cb2f58b4df</key>
      <owner>uddi:b9d23910-b426-11da-94dd-a86f2582ed05</owner>
      <auditTrail>
        <auditableEvent>
          <key v2Key="d2907d72-ef83-11dc-bf42-85ed671b58f3">uddi:d2907d72-ef83-11dc-bf42-85ed671b58f3</key>
          <owner>uddi:b9d23910-b426-11da-94dd-a86f2582ed05</owner>
          <registryObject>uddi:d2907d72-ef83-11dc-bf42-93cb2f58b4df</registryObject>
          <eventType>CREATED</eventType>
          <timeStamp>2008-03-11T17:57:06.484+02:00</timeStamp>
          <user>uddi:b9d23910-b426-11da-94dd-a86f2582ed05</user>
        </auditableEvent>
      </auditTrail>
      <classifiedObject>uddi:cc7e13c2-ef83-11dc-bf42-b091b51445f1</classifiedObject>
      <concept>uddi:6a7adb08-8e3f-94f3-5053-3fc4ace48823</concept>
    </classification>
  </classifications>
  <auditTrail>
    <auditableEvent>
      <key v2Key="d2907d72-ef83-11dc-bf42-c5fb100f6caf">uddi:d2907d72-ef83-11dc-bf42-c5fb100f6caf</key>
      <owner>uddi:b9d23910-b426-11da-94dd-a86f2582ed05</owner>
      <registryObject>uddi:cc7e13c2-ef83-11dc-bf42-b091b51445f1</registryObject>
      <eventType>CREATED</eventType>
      <timeStamp>2008-03-11T17:57:06.484+02:00</timeStamp>
      <user>uddi:b9d23910-b426-11da-94dd-a86f2582ed05</user>
    </auditableEvent>
  </auditTrail>
  <value>Entry</value>
  <parent>uddi:d2ec8d93-ef81-11dc-bf42-f6a53389e3d6</parent>
</concept>