<concept xmlns="http://namespaces.CentraSite.com/Schema/jaxr">
  <key v2Key="7115d992-ef84-11dc-bf42-ed9c4dc4acba">uddi:7115d992-ef84-11dc-bf42-ed9c4dc4acba</key>
  <owner>uddi:b9d23910-b426-11da-94dd-a86f2582ed05</owner>
  <name>
    <localString xml:lang="en">HasAction</localString>
  </name>
  <classifications>
    <classification>
      <key v2Key="7a7b65e2-ef84-11dc-bf42-a5fd22d7f4b6">uddi:7a7b65e2-ef84-11dc-bf42-a5fd22d7f4b6</key>
      <owner>uddi:b9d23910-b426-11da-94dd-a86f2582ed05</owner>
      <auditTrail>
        <auditableEvent>
          <key v2Key="7a7b65e2-ef84-11dc-bf42-fbd04ddd57f8">uddi:7a7b65e2-ef84-11dc-bf42-fbd04ddd57f8</key>
          <owner>uddi:b9d23910-b426-11da-94dd-a86f2582ed05</owner>
          <registryObject>uddi:7a7b65e2-ef84-11dc-bf42-a5fd22d7f4b6</registryObject>
          <eventType>CREATED</eventType>
          <timeStamp>2008-03-11T18:01:42.625+02:00</timeStamp>
          <user>uddi:b9d23910-b426-11da-94dd-a86f2582ed05</user>
        </auditableEvent>
      </auditTrail>
      <classifiedObject>uddi:7115d992-ef84-11dc-bf42-ed9c4dc4acba</classifiedObject>
      <concept>uddi:6a7adb08-8e3f-94f3-5053-3fc4ace48823</concept>
    </classification>
  </classifications>
  <auditTrail>
    <auditableEvent>
      <key v2Key="7a7b65e2-ef84-11dc-bf42-edf9554c59e8">uddi:7a7b65e2-ef84-11dc-bf42-edf9554c59e8</key>
      <owner>uddi:b9d23910-b426-11da-94dd-a86f2582ed05</owner>
      <registryObject>uddi:7115d992-ef84-11dc-bf42-ed9c4dc4acba</registryObject>
      <eventType>CREATED</eventType>
      <timeStamp>2008-03-11T18:01:42.609+02:00</timeStamp>
      <user>uddi:b9d23910-b426-11da-94dd-a86f2582ed05</user>
    </auditableEvent>
  </auditTrail>
  <value>HasAction</value>
  <parent>uddi:d612efe1-f11f-3bf2-f899-e0e21e952a87</parent>
</concept>