<concept xmlns="http://namespaces.CentraSite.com/Schema/jaxr">
  <key v2Key="ffd3b592-ef83-11dc-bf42-d53c5c6ab221">uddi:ffd3b592-ef83-11dc-bf42-d53c5c6ab221</key>
  <owner>uddi:b9d23910-b426-11da-94dd-a86f2582ed05</owner>
  <name>
    <localString xml:lang="en">EntryStatusType</localString>
  </name>
  <classifications>
    <classification>
      <key v2Key="0d03b762-ef84-11dc-bf42-cc746cc7fd8b">uddi:0d03b762-ef84-11dc-bf42-cc746cc7fd8b</key>
      <owner>uddi:b9d23910-b426-11da-94dd-a86f2582ed05</owner>
      <auditTrail>
        <auditableEvent>
          <key v2Key="0d03b762-ef84-11dc-bf42-a716ddf24cbc">uddi:0d03b762-ef84-11dc-bf42-a716ddf24cbc</key>
          <owner>uddi:b9d23910-b426-11da-94dd-a86f2582ed05</owner>
          <registryObject>uddi:0d03b762-ef84-11dc-bf42-cc746cc7fd8b</registryObject>
          <eventType>CREATED</eventType>
          <timeStamp>2008-03-11T17:58:32.609+02:00</timeStamp>
          <user>uddi:b9d23910-b426-11da-94dd-a86f2582ed05</user>
        </auditableEvent>
      </auditTrail>
      <classifiedObject>uddi:ffd3b592-ef83-11dc-bf42-d53c5c6ab221</classifiedObject>
      <concept>uddi:6a7adb08-8e3f-94f3-5053-3fc4ace48823</concept>
    </classification>
  </classifications>
  <auditTrail>
    <auditableEvent>
      <key v2Key="0d03b762-ef84-11dc-bf42-e3be632c2c47">uddi:0d03b762-ef84-11dc-bf42-e3be632c2c47</key>
      <owner>uddi:b9d23910-b426-11da-94dd-a86f2582ed05</owner>
      <registryObject>uddi:ffd3b592-ef83-11dc-bf42-d53c5c6ab221</registryObject>
      <eventType>CREATED</eventType>
      <timeStamp>2008-03-11T17:58:32.609+02:00</timeStamp>
      <user>uddi:b9d23910-b426-11da-94dd-a86f2582ed05</user>
    </auditableEvent>
  </auditTrail>
  <value>EntryStatusType</value>
  <parent>uddi:d2ec8d93-ef81-11dc-bf42-f6a53389e3d6</parent>
</concept>