<registryPackage xmlns="http://namespaces.CentraSite.com/Schema/jaxr">
  <key v2Key="8d42bb03-ef77-11dc-8e1c-979db0000ac4">uddi:8d42bb03-ef77-11dc-8e1c-979db0000ac4</key>
  <owner>uddi:b9d23910-b426-11da-94dd-a86f2582ed05</owner>
  <name>
    <localString xml:lang="en">CSAF_SDK</localString>
  </name>
  <classifications>
    <classification>
      <key v2Key="95cab893-ef77-11dc-8e1c-a65a7cb39262">uddi:95cab893-ef77-11dc-8e1c-a65a7cb39262</key>
      <owner>uddi:b9d23910-b426-11da-94dd-a86f2582ed05</owner>
      <auditTrail>
        <auditableEvent>
          <key v2Key="95cab893-ef77-11dc-8e1c-bd401b194168">uddi:95cab893-ef77-11dc-8e1c-bd401b194168</key>
          <owner>uddi:b9d23910-b426-11da-94dd-a86f2582ed05</owner>
          <registryObject>uddi:95cab893-ef77-11dc-8e1c-a65a7cb39262</registryObject>
          <eventType>CREATED</eventType>
          <timeStamp>2008-03-11T16:29:26.437+02:00</timeStamp>
          <user>uddi:b9d23910-b426-11da-94dd-a86f2582ed05</user>
        </auditableEvent>
      </auditTrail>
      <classifiedObject>uddi:8d42bb03-ef77-11dc-8e1c-979db0000ac4</classifiedObject>
      <concept>uddi:8b1305ba-28b5-3373-92a2-0cc6d44a2736</concept>
    </classification>
  </classifications>
  <auditTrail>
    <auditableEvent>
      <key v2Key="95cab893-ef77-11dc-8e1c-d520bafbfb22">uddi:95cab893-ef77-11dc-8e1c-d520bafbfb22</key>
      <owner>uddi:b9d23910-b426-11da-94dd-a86f2582ed05</owner>
      <registryObject>uddi:8d42bb03-ef77-11dc-8e1c-979db0000ac4</registryObject>
      <eventType>CREATED</eventType>
      <timeStamp>2008-03-11T16:29:26.437+02:00</timeStamp>
      <user>uddi:b9d23910-b426-11da-94dd-a86f2582ed05</user>
    </auditableEvent>
    <auditableEvent>
      <key v2Key="fbe51b6c-ef7d-11dc-9b12-e63f8e04d87f">uddi:fbe51b6c-ef7d-11dc-9b12-e63f8e04d87f</key>
      <owner>uddi:b9d23910-b426-11da-94dd-a86f2582ed05</owner>
      <registryObject>uddi:8d42bb03-ef77-11dc-8e1c-979db0000ac4</registryObject>
      <eventType>UPDATED</eventType>
      <timeStamp>2008-03-11T17:15:29.031+02:00</timeStamp>
      <user>uddi:b9d23910-b426-11da-94dd-a86f2582ed05</user>
    </auditableEvent>
    <auditableEvent>
      <key v2Key="7a7884dc-ef7e-11dc-9b12-8c1124276f38">uddi:7a7884dc-ef7e-11dc-9b12-8c1124276f38</key>
      <owner>uddi:b9d23910-b426-11da-94dd-a86f2582ed05</owner>
      <registryObject>uddi:8d42bb03-ef77-11dc-8e1c-979db0000ac4</registryObject>
      <eventType>UPDATED</eventType>
      <timeStamp>2008-03-11T17:19:01.39+02:00</timeStamp>
      <user>uddi:b9d23910-b426-11da-94dd-a86f2582ed05</user>
    </auditableEvent>
    <auditableEvent>
      <key v2Key="92c310d2-ef84-11dc-bf42-9d051b141e58">uddi:92c310d2-ef84-11dc-bf42-9d051b141e58</key>
      <owner>uddi:b9d23910-b426-11da-94dd-a86f2582ed05</owner>
      <registryObject>uddi:8d42bb03-ef77-11dc-8e1c-979db0000ac4</registryObject>
      <eventType>UPDATED</eventType>
      <timeStamp>2008-03-11T18:02:39.125+02:00</timeStamp>
      <user>uddi:b9d23910-b426-11da-94dd-a86f2582ed05</user>
    </auditableEvent>
    <auditableEvent>
      <key v2Key="a2dfab42-ef84-11dc-bf42-a6c1aa51edd2">uddi:a2dfab42-ef84-11dc-bf42-a6c1aa51edd2</key>
      <owner>uddi:b9d23910-b426-11da-94dd-a86f2582ed05</owner>
      <registryObject>uddi:8d42bb03-ef77-11dc-8e1c-979db0000ac4</registryObject>
      <eventType>UPDATED</eventType>
      <timeStamp>2008-03-11T18:03:06.156+02:00</timeStamp>
      <user>uddi:b9d23910-b426-11da-94dd-a86f2582ed05</user>
    </auditableEvent>
    <auditableEvent>
      <key v2Key="71a552e2-ef85-11dc-bf42-845c2f8961d0">uddi:71a552e2-ef85-11dc-bf42-845c2f8961d0</key>
      <owner>uddi:b9d23910-b426-11da-94dd-a86f2582ed05</owner>
      <registryObject>uddi:8d42bb03-ef77-11dc-8e1c-979db0000ac4</registryObject>
      <eventType>UPDATED</eventType>
      <timeStamp>2008-03-11T18:08:53.062+02:00</timeStamp>
      <user>uddi:b9d23910-b426-11da-94dd-a86f2582ed05</user>
    </auditableEvent>
    <auditableEvent>
      <key v2Key="7a286e72-ef85-11dc-bf42-87a11a0a1d16">uddi:7a286e72-ef85-11dc-bf42-87a11a0a1d16</key>
      <owner>uddi:b9d23910-b426-11da-94dd-a86f2582ed05</owner>
      <registryObject>uddi:8d42bb03-ef77-11dc-8e1c-979db0000ac4</registryObject>
      <eventType>UPDATED</eventType>
      <timeStamp>2008-03-11T18:09:07.343+02:00</timeStamp>
      <user>uddi:b9d23910-b426-11da-94dd-a86f2582ed05</user>
    </auditableEvent>
    <auditableEvent>
      <key v2Key="a83fbf72-ef85-11dc-bf42-d97cbafae17f">uddi:a83fbf72-ef85-11dc-bf42-d97cbafae17f</key>
      <owner>uddi:b9d23910-b426-11da-94dd-a86f2582ed05</owner>
      <registryObject>uddi:8d42bb03-ef77-11dc-8e1c-979db0000ac4</registryObject>
      <eventType>UPDATED</eventType>
      <timeStamp>2008-03-11T18:10:24.656+02:00</timeStamp>
      <user>uddi:b9d23910-b426-11da-94dd-a86f2582ed05</user>
      <instanceSlots>
        <Comment xmlns="">Updated from Control</Comment>
      </instanceSlots>
    </auditableEvent>
    <auditableEvent>
      <key v2Key="0f481732-ef86-11dc-bf42-c1aaaf4e812c">uddi:0f481732-ef86-11dc-bf42-c1aaaf4e812c</key>
      <owner>uddi:b9d23910-b426-11da-94dd-a86f2582ed05</owner>
      <registryObject>uddi:8d42bb03-ef77-11dc-8e1c-979db0000ac4</registryObject>
      <eventType>UPDATED</eventType>
      <timeStamp>2008-03-11T18:13:17.531+02:00</timeStamp>
      <user>uddi:b9d23910-b426-11da-94dd-a86f2582ed05</user>
    </auditableEvent>
    <auditableEvent>
      <key v2Key="1b71cc92-ef86-11dc-bf42-dfb2e8850c86">uddi:1b71cc92-ef86-11dc-bf42-dfb2e8850c86</key>
      <owner>uddi:b9d23910-b426-11da-94dd-a86f2582ed05</owner>
      <registryObject>uddi:8d42bb03-ef77-11dc-8e1c-979db0000ac4</registryObject>
      <eventType>UPDATED</eventType>
      <timeStamp>2008-03-11T18:13:37.937+02:00</timeStamp>
      <user>uddi:b9d23910-b426-11da-94dd-a86f2582ed05</user>
    </auditableEvent>
    <auditableEvent>
      <key v2Key="2929c312-ef86-11dc-bf42-ec07eee06779">uddi:2929c312-ef86-11dc-bf42-ec07eee06779</key>
      <owner>uddi:b9d23910-b426-11da-94dd-a86f2582ed05</owner>
      <registryObject>uddi:8d42bb03-ef77-11dc-8e1c-979db0000ac4</registryObject>
      <eventType>UPDATED</eventType>
      <timeStamp>2008-03-11T18:14:00.953+02:00</timeStamp>
      <user>uddi:b9d23910-b426-11da-94dd-a86f2582ed05</user>
    </auditableEvent>
    <auditableEvent>
      <key v2Key="2d1ef212-ef86-11dc-bf42-e9f72e491b8b">uddi:2d1ef212-ef86-11dc-bf42-e9f72e491b8b</key>
      <owner>uddi:b9d23910-b426-11da-94dd-a86f2582ed05</owner>
      <registryObject>uddi:8d42bb03-ef77-11dc-8e1c-979db0000ac4</registryObject>
      <eventType>UPDATED</eventType>
      <timeStamp>2008-03-11T18:14:07.593+02:00</timeStamp>
      <user>uddi:b9d23910-b426-11da-94dd-a86f2582ed05</user>
    </auditableEvent>
    <auditableEvent>
      <key v2Key="3137fcc2-ef86-11dc-bf42-cb7041870da6">uddi:3137fcc2-ef86-11dc-bf42-cb7041870da6</key>
      <owner>uddi:b9d23910-b426-11da-94dd-a86f2582ed05</owner>
      <registryObject>uddi:8d42bb03-ef77-11dc-8e1c-979db0000ac4</registryObject>
      <eventType>UPDATED</eventType>
      <timeStamp>2008-03-11T18:14:14.468+02:00</timeStamp>
      <user>uddi:b9d23910-b426-11da-94dd-a86f2582ed05</user>
    </auditableEvent>
    <auditableEvent>
      <key v2Key="35a93992-ef86-11dc-bf42-bdafb203633e">uddi:35a93992-ef86-11dc-bf42-bdafb203633e</key>
      <owner>uddi:b9d23910-b426-11da-94dd-a86f2582ed05</owner>
      <registryObject>uddi:8d42bb03-ef77-11dc-8e1c-979db0000ac4</registryObject>
      <eventType>UPDATED</eventType>
      <timeStamp>2008-03-11T18:14:21.921+02:00</timeStamp>
      <user>uddi:b9d23910-b426-11da-94dd-a86f2582ed05</user>
    </auditableEvent>
    <auditableEvent>
      <key v2Key="3a15bb72-ef86-11dc-bf42-e4f51f4f4a03">uddi:3a15bb72-ef86-11dc-bf42-e4f51f4f4a03</key>
      <owner>uddi:b9d23910-b426-11da-94dd-a86f2582ed05</owner>
      <registryObject>uddi:8d42bb03-ef77-11dc-8e1c-979db0000ac4</registryObject>
      <eventType>UPDATED</eventType>
      <timeStamp>2008-03-11T18:14:29.343+02:00</timeStamp>
      <user>uddi:b9d23910-b426-11da-94dd-a86f2582ed05</user>
    </auditableEvent>
    <auditableEvent>
      <key v2Key="3e823d52-ef86-11dc-bf42-bac1213455e0">uddi:3e823d52-ef86-11dc-bf42-bac1213455e0</key>
      <owner>uddi:b9d23910-b426-11da-94dd-a86f2582ed05</owner>
      <registryObject>uddi:8d42bb03-ef77-11dc-8e1c-979db0000ac4</registryObject>
      <eventType>UPDATED</eventType>
      <timeStamp>2008-03-11T18:14:36.765+02:00</timeStamp>
      <user>uddi:b9d23910-b426-11da-94dd-a86f2582ed05</user>
    </auditableEvent>
    <auditableEvent>
      <key v2Key="42a273f2-ef86-11dc-bf42-e897636b93fa">uddi:42a273f2-ef86-11dc-bf42-e897636b93fa</key>
      <owner>uddi:b9d23910-b426-11da-94dd-a86f2582ed05</owner>
      <registryObject>uddi:8d42bb03-ef77-11dc-8e1c-979db0000ac4</registryObject>
      <eventType>UPDATED</eventType>
      <timeStamp>2008-03-11T18:14:43.687+02:00</timeStamp>
      <user>uddi:b9d23910-b426-11da-94dd-a86f2582ed05</user>
    </auditableEvent>
    <auditableEvent>
      <key v2Key="46e1a442-ef86-11dc-bf42-f513200de0de">uddi:46e1a442-ef86-11dc-bf42-f513200de0de</key>
      <owner>uddi:b9d23910-b426-11da-94dd-a86f2582ed05</owner>
      <registryObject>uddi:8d42bb03-ef77-11dc-8e1c-979db0000ac4</registryObject>
      <eventType>UPDATED</eventType>
      <timeStamp>2008-03-11T18:14:50.812+02:00</timeStamp>
      <user>uddi:b9d23910-b426-11da-94dd-a86f2582ed05</user>
    </auditableEvent>
    <auditableEvent>
      <key v2Key="4af5f402-ef86-11dc-bf42-94b79a94f87b">uddi:4af5f402-ef86-11dc-bf42-94b79a94f87b</key>
      <owner>uddi:b9d23910-b426-11da-94dd-a86f2582ed05</owner>
      <registryObject>uddi:8d42bb03-ef77-11dc-8e1c-979db0000ac4</registryObject>
      <eventType>UPDATED</eventType>
      <timeStamp>2008-03-11T18:14:57.656+02:00</timeStamp>
      <user>uddi:b9d23910-b426-11da-94dd-a86f2582ed05</user>
    </auditableEvent>
    <auditableEvent>
      <key v2Key="4f568f02-ef86-11dc-bf42-fd74405cc274">uddi:4f568f02-ef86-11dc-bf42-fd74405cc274</key>
      <owner>uddi:b9d23910-b426-11da-94dd-a86f2582ed05</owner>
      <registryObject>uddi:8d42bb03-ef77-11dc-8e1c-979db0000ac4</registryObject>
      <eventType>UPDATED</eventType>
      <timeStamp>2008-03-11T18:15:05+02:00</timeStamp>
      <user>uddi:b9d23910-b426-11da-94dd-a86f2582ed05</user>
    </auditableEvent>
    <auditableEvent>
      <key v2Key="552fc042-ef86-11dc-bf42-8a05fa8efd79">uddi:552fc042-ef86-11dc-bf42-8a05fa8efd79</key>
      <owner>uddi:b9d23910-b426-11da-94dd-a86f2582ed05</owner>
      <registryObject>uddi:8d42bb03-ef77-11dc-8e1c-979db0000ac4</registryObject>
      <eventType>UPDATED</eventType>
      <timeStamp>2008-03-11T18:15:14.812+02:00</timeStamp>
      <user>uddi:b9d23910-b426-11da-94dd-a86f2582ed05</user>
    </auditableEvent>
    <auditableEvent>
      <key v2Key="00a6c215-ef90-11dc-bf42-b27add3c26ff">uddi:00a6c215-ef90-11dc-bf42-b27add3c26ff</key>
      <owner>uddi:b9d23910-b426-11da-94dd-a86f2582ed05</owner>
      <registryObject>uddi:8d42bb03-ef77-11dc-8e1c-979db0000ac4</registryObject>
      <eventType>UPDATED</eventType>
      <timeStamp>2008-03-11T19:24:27.953+02:00</timeStamp>
      <user>uddi:b9d23910-b426-11da-94dd-a86f2582ed05</user>
      <instanceSlots>
        <Comment xmlns="">Updated from Control</Comment>
      </instanceSlots>
    </auditableEvent>
  </auditTrail>
  <majorVersion>0</majorVersion>
  <minorVersion>0</minorVersion>
  <stability>DYNAMIC</stability>
  <status>SUBMITTED</status>
  <registryObjects>
    <registryObject>uddi:7115d992-ef84-11dc-bf42-ed9c4dc4acba</registryObject>
    <registryObject>uddi:800e1b23-ef81-11dc-bf42-b9aa9205db2a</registryObject>
    <registryObject>uddi:19e7edb2-ef85-11dc-bf42-b0874b6f0b28</registryObject>
    <registryObject>uddi:5694eb02-ef85-11dc-bf42-d0902638dfc9</registryObject>
    <registryObject>uddi:5011daa2-ef84-11dc-bf42-cbc2a7e25dfa</registryObject>
    <registryObject>uddi:45b1e8c2-ef84-11dc-bf42-9768aa71576f</registryObject>
    <registryObject>uddi:389288c2-ef84-11dc-bf42-9911666fc6f3</registryObject>
    <registryObject>uddi:2f50b112-ef84-11dc-bf42-917dfb18024d</registryObject>
    <registryObject>uddi:27c58a12-ef84-11dc-bf42-d4ff9529b5ec</registryObject>
    <registryObject>uddi:1f509f52-ef84-11dc-bf42-f90c5565db87</registryObject>
    <registryObject>uddi:1109af42-ef84-11dc-bf42-aeeb5e5af920</registryObject>
    <registryObject>uddi:ffd3b592-ef83-11dc-bf42-d53c5c6ab221</registryObject>
    <registryObject>uddi:cc7e13c2-ef83-11dc-bf42-b091b51445f1</registryObject>
    <registryObject>uddi:baf4a2e2-ef83-11dc-bf42-b148482e5039</registryObject>
    <registryObject>uddi:b1582812-ef83-11dc-bf42-9b9ca076c8db</registryObject>
    <registryObject>uddi:4f954893-ef83-11dc-bf42-f0fe64d34f1e</registryObject>
    <registryObject>uddi:d2ec8d93-ef81-11dc-bf42-f6a53389e3d6</registryObject>
  </registryObjects>
</registryPackage>