<externalLink xmlns="http://namespaces.CentraSite.com/Schema/jaxr" validateURI="false">
  <key v2Key="19e7edb2-ef85-11dc-bf42-9eec27e3a4cb">uddi:19e7edb2-ef85-11dc-bf42-9eec27e3a4cb</key>
  <owner>uddi:b9d23910-b426-11da-94dd-a86f2582ed05</owner>
  <description>
    <localString xml:lang="en-US">XSD</localString>
  </description>
  <classifications>
    <classification>
      <key v2Key="19e7edb2-ef85-11dc-bf42-9b8ed49fb9ee">uddi:19e7edb2-ef85-11dc-bf42-9b8ed49fb9ee</key>
      <owner>uddi:b9d23910-b426-11da-94dd-a86f2582ed05</owner>
      <auditTrail>
        <auditableEvent>
          <key v2Key="19e7edb2-ef85-11dc-bf42-9bdef46b18c5">uddi:19e7edb2-ef85-11dc-bf42-9bdef46b18c5</key>
          <owner>uddi:b9d23910-b426-11da-94dd-a86f2582ed05</owner>
          <registryObject>uddi:19e7edb2-ef85-11dc-bf42-9b8ed49fb9ee</registryObject>
          <eventType>CREATED</eventType>
          <timeStamp>2008-03-11T18:06:25.859+02:00</timeStamp>
          <user>uddi:b9d23910-b426-11da-94dd-a86f2582ed05</user>
        </auditableEvent>
      </auditTrail>
      <classifiedObject>uddi:19e7edb2-ef85-11dc-bf42-9eec27e3a4cb</classifiedObject>
      <concept>uddi:3d04a810-866d-9b48-0307-6b60d89fb0e1</concept>
    </classification>
    <classification>
      <key v2Key="19e7edb2-ef85-11dc-bf42-873392551f0f">uddi:19e7edb2-ef85-11dc-bf42-873392551f0f</key>
      <owner>uddi:b9d23910-b426-11da-94dd-a86f2582ed05</owner>
      <auditTrail>
        <auditableEvent>
          <key v2Key="19e7edb2-ef85-11dc-bf42-d923a06a4282">uddi:19e7edb2-ef85-11dc-bf42-d923a06a4282</key>
          <owner>uddi:b9d23910-b426-11da-94dd-a86f2582ed05</owner>
          <registryObject>uddi:19e7edb2-ef85-11dc-bf42-873392551f0f</registryObject>
          <eventType>CREATED</eventType>
          <timeStamp>2008-03-11T18:06:25.859+02:00</timeStamp>
          <user>uddi:b9d23910-b426-11da-94dd-a86f2582ed05</user>
        </auditableEvent>
      </auditTrail>
      <classifiedObject>uddi:19e7edb2-ef85-11dc-bf42-9eec27e3a4cb</classifiedObject>
      <concept>uddi:93fb3002-8140-6182-0d1d-b249f51958cd</concept>
    </classification>
  </classifications>
  <auditTrail>
    <auditableEvent>
      <key v2Key="19e7edb2-ef85-11dc-bf42-d5fd709d753b">uddi:19e7edb2-ef85-11dc-bf42-d5fd709d753b</key>
      <owner>uddi:b9d23910-b426-11da-94dd-a86f2582ed05</owner>
      <registryObject>uddi:19e7edb2-ef85-11dc-bf42-9eec27e3a4cb</registryObject>
      <eventType>CREATED</eventType>
      <timeStamp>2008-03-11T18:06:25.859+02:00</timeStamp>
      <user>uddi:b9d23910-b426-11da-94dd-a86f2582ed05</user>
    </auditableEvent>
  </auditTrail>
  <externalURI>/projects/CentraSite/XMLSchemas/_7Bhttp_3A_2F_2Fnamespaces.CentraSite.com_2Fcsaf_7DAction.xsd</externalURI>
  <instanceSlots>
    <schemaName xmlns="">uddi_19e7edb2-ef85-11dc-bf42-b0874b6f0b28</schemaName>
    <doctypeName xmlns="">uddi_19e7edb2-ef85-11dc-bf42-b0874b6f0b28:Action</doctypeName>
  </instanceSlots>
</externalLink>