<concept xmlns="http://namespaces.CentraSite.com/Schema/jaxr">
  <key v2Key="5694eb02-ef85-11dc-bf42-d0902638dfc9">uddi:5694eb02-ef85-11dc-bf42-d0902638dfc9</key>
  <owner>uddi:b9d23910-b426-11da-94dd-a86f2582ed05</owner>
  <name>
    <localString xml:lang="en">Item</localString>
  </name>
  <description>
    <localString xml:lang="en"/>
  </description>
  <externalLinks>
    <externalLink>uddi:5694eb02-ef85-11dc-bf42-d8bd24e97570</externalLink>
  </externalLinks>
  <classifications>
    <classification>
      <key v2Key="5694eb02-ef85-11dc-bf42-8125ce3ef555">uddi:5694eb02-ef85-11dc-bf42-8125ce3ef555</key>
      <owner>uddi:b9d23910-b426-11da-94dd-a86f2582ed05</owner>
      <auditTrail>
        <auditableEvent>
          <key v2Key="5694eb02-ef85-11dc-bf42-f4b765aa597a">uddi:5694eb02-ef85-11dc-bf42-f4b765aa597a</key>
          <owner>uddi:b9d23910-b426-11da-94dd-a86f2582ed05</owner>
          <registryObject>uddi:5694eb02-ef85-11dc-bf42-8125ce3ef555</registryObject>
          <eventType>CREATED</eventType>
          <timeStamp>2008-03-11T18:08:07.593+02:00</timeStamp>
          <user>uddi:b9d23910-b426-11da-94dd-a86f2582ed05</user>
        </auditableEvent>
        <auditableEvent>
          <key v2Key="ef7a3ef0-ef8f-11dc-8a17-af1fd5bc6d4e">uddi:ef7a3ef0-ef8f-11dc-8a17-af1fd5bc6d4e</key>
          <owner>uddi:b9d23910-b426-11da-94dd-a86f2582ed05</owner>
          <registryObject>uddi:5694eb02-ef85-11dc-bf42-8125ce3ef555</registryObject>
          <eventType>UPDATED</eventType>
          <timeStamp>2008-03-11T19:23:59.14+02:00</timeStamp>
          <user>uddi:b9d23910-b426-11da-94dd-a86f2582ed05</user>
        </auditableEvent>
      </auditTrail>
      <classifiedObject>uddi:5694eb02-ef85-11dc-bf42-d0902638dfc9</classifiedObject>
      <concept>uddi:6a7adb08-8e3f-94f3-5053-3fc4ace48823</concept>
    </classification>
  </classifications>
  <auditTrail>
    <auditableEvent>
      <key v2Key="5699a5f2-ef85-11dc-bf42-df2d6abe31b6">uddi:5699a5f2-ef85-11dc-bf42-df2d6abe31b6</key>
      <owner>uddi:b9d23910-b426-11da-94dd-a86f2582ed05</owner>
      <registryObject>uddi:5694eb02-ef85-11dc-bf42-d0902638dfc9</registryObject>
      <eventType>CREATED</eventType>
      <timeStamp>2008-03-11T18:08:07.593+02:00</timeStamp>
      <user>uddi:b9d23910-b426-11da-94dd-a86f2582ed05</user>
    </auditableEvent>
    <auditableEvent>
      <key v2Key="eb3b0df5-ef8f-11dc-bf42-c238c6347a16">uddi:eb3b0df5-ef8f-11dc-bf42-c238c6347a16</key>
      <owner>uddi:b9d23910-b426-11da-94dd-a86f2582ed05</owner>
      <registryObject>uddi:5694eb02-ef85-11dc-bf42-d0902638dfc9</registryObject>
      <eventType>UPDATED</eventType>
      <timeStamp>2008-03-11T19:23:52.015+02:00</timeStamp>
      <user>uddi:b9d23910-b426-11da-94dd-a86f2582ed05</user>
    </auditableEvent>
    <auditableEvent>
      <key v2Key="ef7a3ef0-ef8f-11dc-8a17-aaec519357bb">uddi:ef7a3ef0-ef8f-11dc-8a17-aaec519357bb</key>
      <owner>uddi:b9d23910-b426-11da-94dd-a86f2582ed05</owner>
      <registryObject>uddi:5694eb02-ef85-11dc-bf42-d0902638dfc9</registryObject>
      <eventType>UPDATED</eventType>
      <timeStamp>2008-03-11T19:23:59.14+02:00</timeStamp>
      <user>uddi:b9d23910-b426-11da-94dd-a86f2582ed05</user>
    </auditableEvent>
  </auditTrail>
  <value>{http://namespaces.CentraSite.com/csaf}Item</value>
  <parent>uddi:474e1904-69ad-9a6b-11c2-fc8e41c64350</parent>
</concept>