<concept xmlns="http://namespaces.CentraSite.com/Schema/jaxr">
  <key v2Key="19e7edb2-ef85-11dc-bf42-b0874b6f0b28">uddi:19e7edb2-ef85-11dc-bf42-b0874b6f0b28</key>
  <owner>uddi:b9d23910-b426-11da-94dd-a86f2582ed05</owner>
  <name>
    <localString xml:lang="en">Action</localString>
  </name>
  <description>
    <localString xml:lang="en"/>
  </description>
  <externalLinks>
    <externalLink>uddi:19e7edb2-ef85-11dc-bf42-9eec27e3a4cb</externalLink>
  </externalLinks>
  <classifications>
    <classification>
      <key v2Key="19e7edb2-ef85-11dc-bf42-851109be5963">uddi:19e7edb2-ef85-11dc-bf42-851109be5963</key>
      <owner>uddi:b9d23910-b426-11da-94dd-a86f2582ed05</owner>
      <auditTrail>
        <auditableEvent>
          <key v2Key="19e7edb2-ef85-11dc-bf42-e4550070d800">uddi:19e7edb2-ef85-11dc-bf42-e4550070d800</key>
          <owner>uddi:b9d23910-b426-11da-94dd-a86f2582ed05</owner>
          <registryObject>uddi:19e7edb2-ef85-11dc-bf42-851109be5963</registryObject>
          <eventType>CREATED</eventType>
          <timeStamp>2008-03-11T18:06:25.859+02:00</timeStamp>
          <user>uddi:b9d23910-b426-11da-94dd-a86f2582ed05</user>
        </auditableEvent>
        <auditableEvent>
          <key v2Key="c44e176d-ef8c-11dc-ab07-e5bfa63eb5d0">uddi:c44e176d-ef8c-11dc-ab07-e5bfa63eb5d0</key>
          <owner>uddi:b9d23910-b426-11da-94dd-a86f2582ed05</owner>
          <registryObject>uddi:19e7edb2-ef85-11dc-bf42-851109be5963</registryObject>
          <eventType>UPDATED</eventType>
          <timeStamp>2008-03-11T19:01:18.218+02:00</timeStamp>
          <user>uddi:b9d23910-b426-11da-94dd-a86f2582ed05</user>
        </auditableEvent>
      </auditTrail>
      <classifiedObject>uddi:19e7edb2-ef85-11dc-bf42-b0874b6f0b28</classifiedObject>
      <concept>uddi:6a7adb08-8e3f-94f3-5053-3fc4ace48823</concept>
    </classification>
  </classifications>
  <auditTrail>
    <auditableEvent>
      <key v2Key="19e7edb2-ef85-11dc-bf42-aac0a4064843">uddi:19e7edb2-ef85-11dc-bf42-aac0a4064843</key>
      <owner>uddi:b9d23910-b426-11da-94dd-a86f2582ed05</owner>
      <registryObject>uddi:19e7edb2-ef85-11dc-bf42-b0874b6f0b28</registryObject>
      <eventType>CREATED</eventType>
      <timeStamp>2008-03-11T18:06:25.859+02:00</timeStamp>
      <user>uddi:b9d23910-b426-11da-94dd-a86f2582ed05</user>
    </auditableEvent>
    <auditableEvent>
      <key v2Key="c299cb72-ef8c-11dc-bf42-dfabfe6a64ff">uddi:c299cb72-ef8c-11dc-bf42-dfabfe6a64ff</key>
      <owner>uddi:b9d23910-b426-11da-94dd-a86f2582ed05</owner>
      <registryObject>uddi:19e7edb2-ef85-11dc-bf42-b0874b6f0b28</registryObject>
      <eventType>UPDATED</eventType>
      <timeStamp>2008-03-11T19:01:15.343+02:00</timeStamp>
      <user>uddi:b9d23910-b426-11da-94dd-a86f2582ed05</user>
    </auditableEvent>
    <auditableEvent>
      <key v2Key="c44e176d-ef8c-11dc-ab07-86f81216f02f">uddi:c44e176d-ef8c-11dc-ab07-86f81216f02f</key>
      <owner>uddi:b9d23910-b426-11da-94dd-a86f2582ed05</owner>
      <registryObject>uddi:19e7edb2-ef85-11dc-bf42-b0874b6f0b28</registryObject>
      <eventType>UPDATED</eventType>
      <timeStamp>2008-03-11T19:01:18.218+02:00</timeStamp>
      <user>uddi:b9d23910-b426-11da-94dd-a86f2582ed05</user>
    </auditableEvent>
  </auditTrail>
  <value>{http://namespaces.CentraSite.com/csaf}Action</value>
  <parent>uddi:474e1904-69ad-9a6b-11c2-fc8e41c64350</parent>
</concept>