<externalLink xmlns="http://namespaces.CentraSite.com/Schema/jaxr" validateURI="false">
  <key v2Key="5694eb02-ef85-11dc-bf42-d8bd24e97570">uddi:5694eb02-ef85-11dc-bf42-d8bd24e97570</key>
  <owner>uddi:b9d23910-b426-11da-94dd-a86f2582ed05</owner>
  <description>
    <localString xml:lang="en-US">XSD</localString>
  </description>
  <classifications>
    <classification>
      <key v2Key="569e60e2-ef85-11dc-bf42-8e25eb1ec2d1">uddi:569e60e2-ef85-11dc-bf42-8e25eb1ec2d1</key>
      <owner>uddi:b9d23910-b426-11da-94dd-a86f2582ed05</owner>
      <auditTrail>
        <auditableEvent>
          <key v2Key="569e60e2-ef85-11dc-bf42-c2c0f052d703">uddi:569e60e2-ef85-11dc-bf42-c2c0f052d703</key>
          <owner>uddi:b9d23910-b426-11da-94dd-a86f2582ed05</owner>
          <registryObject>uddi:569e60e2-ef85-11dc-bf42-8e25eb1ec2d1</registryObject>
          <eventType>CREATED</eventType>
          <timeStamp>2008-03-11T18:08:07.625+02:00</timeStamp>
          <user>uddi:b9d23910-b426-11da-94dd-a86f2582ed05</user>
        </auditableEvent>
      </auditTrail>
      <classifiedObject>uddi:5694eb02-ef85-11dc-bf42-d8bd24e97570</classifiedObject>
      <concept>uddi:3d04a810-866d-9b48-0307-6b60d89fb0e1</concept>
    </classification>
    <classification>
      <key v2Key="569e60e2-ef85-11dc-bf42-a56ca51f1c1d">uddi:569e60e2-ef85-11dc-bf42-a56ca51f1c1d</key>
      <owner>uddi:b9d23910-b426-11da-94dd-a86f2582ed05</owner>
      <auditTrail>
        <auditableEvent>
          <key v2Key="569e60e2-ef85-11dc-bf42-d85cda3eac01">uddi:569e60e2-ef85-11dc-bf42-d85cda3eac01</key>
          <owner>uddi:b9d23910-b426-11da-94dd-a86f2582ed05</owner>
          <registryObject>uddi:569e60e2-ef85-11dc-bf42-a56ca51f1c1d</registryObject>
          <eventType>CREATED</eventType>
          <timeStamp>2008-03-11T18:08:07.656+02:00</timeStamp>
          <user>uddi:b9d23910-b426-11da-94dd-a86f2582ed05</user>
        </auditableEvent>
      </auditTrail>
      <classifiedObject>uddi:5694eb02-ef85-11dc-bf42-d8bd24e97570</classifiedObject>
      <concept>uddi:93fb3002-8140-6182-0d1d-b249f51958cd</concept>
    </classification>
  </classifications>
  <auditTrail>
    <auditableEvent>
      <key v2Key="569e60e2-ef85-11dc-bf42-990374d6e43a">uddi:569e60e2-ef85-11dc-bf42-990374d6e43a</key>
      <owner>uddi:b9d23910-b426-11da-94dd-a86f2582ed05</owner>
      <registryObject>uddi:5694eb02-ef85-11dc-bf42-d8bd24e97570</registryObject>
      <eventType>CREATED</eventType>
      <timeStamp>2008-03-11T18:08:07.625+02:00</timeStamp>
      <user>uddi:b9d23910-b426-11da-94dd-a86f2582ed05</user>
    </auditableEvent>
  </auditTrail>
  <externalURI>/projects/CentraSite/XMLSchemas/_7Bhttp_3A_2F_2Fnamespaces.CentraSite.com_2Fcsaf_7DItem.xsd</externalURI>
  <instanceSlots>
    <schemaName xmlns="">uddi_5694eb02-ef85-11dc-bf42-d0902638dfc9</schemaName>
    <doctypeName xmlns="">uddi_5694eb02-ef85-11dc-bf42-d0902638dfc9:Item</doctypeName>
  </instanceSlots>
</externalLink>